type,AP,AP50,AP75,APsmall,APmedium,APlarge,AR1,AR10,AR100,ARsmall,ARmedium,ARlarge,Truck,Car,Cyclist,Pedestrian,mAP
labels,0.4801419756124693,0.788600310841654,0.5128325210568886,0.27864572804593124,0.4808393096951538,0.6490587090608295,0.3419840197642344,0.5272219035849031,0.5296161243832191,0.3206195768294232,0.5370885418269351,0.6945107481561925,0.9251655398989426,0.8385499735847797,0.7211480509795419,0.6888911680985762,0.7934386831404601
labels,0.01717039972379706,0.03927452521926234,0.01328750340291444,0.0013201320132013201,0.019064584993993404,0.08205505308356052,0.010756885182311871,0.022924687501346613,0.022924687501346613,0.00022483318827966345,0.02348884878195124,0.11938805531038542,0.15209710895339326,0.0,6.914591655332499e-07,0.0,0.0380244501031397
AutoSnow_mixed,0.3773789645697659,0.6536998983609179,0.3815139359937199,0.20150827513175656,0.36357157622168873,0.5400898809110384,0.2728927938452285,0.41972068141284347,0.4214384655362899,0.23230218197047803,0.41577593756871545,0.58732850819127,0.8217256810837509,0.7659564725707372,0.4750480586312239,0.5713141926681562,0.658511101238467
labels,0.4302246047170087,0.7261830062978325,0.4494147154788563,0.24111703187365116,0.4224801668700066,0.602593421476214,0.3105884817381066,0.4766973657859436,0.47892372430074753,0.2803005122540737,0.4769979361026902,0.6522608669790333,0.8668872506511349,0.8028852181769317,0.6302126487237129,0.624143512377542,0.7310321574823303
